Product Name,Code,Company,Missing Fields
ACCUFINE 30 MG CAP 10 CAP,07830,HEALING PHARMA,"GST%, HSN, Category, Composition, Drug Type"
ACNESTAR FACE WASH 1,07765,MANKIND PHARMA,"GST%, HSN, Category, Composition, Drug Type"
ADHESIVE TAPE 1.INCH 1,01765,SURGICAL,"GST%, HSN, Category, Composition, Drug Type"
AGEFINE FACE WASH 60 ML,07854,HEALING PHARMA,"GST%, HSN, Category, Composition, Drug Type"
AGEFINE GUMMIES 60 GUMS,07852,HEALING PHARMA,"GST%, HSN, Category, Composition, Drug Type"
ALTONIL-10MG TAB 15TAB,07798,PULSE PHARMA,"GST%, HSN, Category, Composition, Drug Type"
ANABOOM SHAMPOO 100 ML,07897,ROYAL,"GST%, HSN, Category, Composition, Drug Type"
ANO DREZ CREAM 20 GM,07688,STEDMAN,"GST%, HSN, Category, Composition, Drug Type"
AQMOX E/D 1,07732,AQUALAB,"GST%, HSN, Category, Composition, Drug Type"
ARILIZIR SYP 100 ML,07644,ARISTO PHARMACITACAL LTD,"GST%, HSN, Category, Composition, Drug Type"
AXEPTA 18 MG TAB 10 TAB,07929,ALEMBIC CHEMICAL WORKS,"GST%, HSN, Category, Composition, Drug Type"
BACTYLAZ OINTMENT 10GM,07707,RV LIFESCIENCES LIMITED,"GST%, HSN, Category, Composition, Drug Type"
BD 5CC SYRINGE 1,A000308,BDF (SURGICAL),"GST%, HSN, Category, Composition, Drug Type"
BILERT 20MG TAB 10 S,07760,INTAS,"GST%, HSN, Category, Composition, Drug Type"
BIO-ITRA SB 130 CAP 10 CAP,07712,BIOS,"GST%, HSN, Category, Composition, Drug Type"
BIOKET CREAM 50 GM,07794,BIOS,"GST%, HSN, Category, Composition, Drug Type"
BIOKET SHAMPOO 75 ML,07795,BIOS,"GST%, HSN, Category, Composition, Drug Type"
BIO LIZOL CREAM 30 GM,07711,BIOS,"GST%, HSN, Category, Composition, Drug Type"
BONEFINE D3 SACHET 1 GM,07887,HEALING PHARMA,"GST%, HSN, Category, Composition, Drug Type"
CALCIFIT SYP 200 ML,07808,MERCK,"GST%, HSN, Category, Composition, Drug Type"
CALCIJOINT SYP 200 ML,07849,LEEFORD,"GST%, HSN, Category, Composition, Drug Type"
CALCIQUICK D3 SHOT 5 ML,07907,MOREPEN LABS LTD,"GST%, HSN, Category, Composition, Drug Type"
CALCIQUICK SUPER TAB 15 TAB,07645,DR REDDY,"GST%, HSN, Category, Composition, Drug Type"
CAMERA DREPS 1,07822,SURGICAL,"GST%, HSN, Category, Composition, Drug Type"
CANDID B LOTION 10 ML,07752,GLENMARK PHARMACITICALS LTD,"GST%, HSN, Category, Composition, Drug Type"
CARTISAFE FORTE TAB 10 TAB,07858,JENBURCKT PHARMACEUTICALS,"GST%, HSN, Category, Composition, Drug Type"
CELIDAC MAX CREAM 100 GM,07710,ICHOR BIOLOGICS,"GST%, HSN, Category, Composition, Drug Type"
CELIN CANDI 1,07809,MERCK,"GST%, HSN, Category, Composition, Drug Type"
CHANDAN POWDER 25 GM,07813,GENERAL ITEMS,"GST%, HSN, Category, Composition, Drug Type"
CILIX T 10/40 TAB 15TAB,07735,ALTEUS LAB,"GST%, HSN, Category, Composition, Drug Type"
CLARIBID-125MG SUSP 30ML,05678,ABBOT LABORATORIES,"GST%, HSN, Category, Composition, Drug Type"
CLARIBID-250 SUSP 30ML,0000000402,ABBOT INDIALTD,"GST%, HSN, Category, Composition, Drug Type"
CLARICHEST 250MG TAB 10 TAB,07832,AQUALAB,"GST%, HSN, Category, Composition, Drug Type"
CLAVINTAS A 150 MG TAB 15 TAB,07814,INTAS,"GST%, HSN, Category, Composition, Drug Type"
CLAVINTAS-A 75 15,01939,INTAS,"GST%, HSN, Category, Composition, Drug Type"
CLOFERT-25MG TAB 30TAB,07659,MANISH PHARMA,"GST%, HSN, Category, Composition, Drug Type"
CLRAICHEST 500 MG TAB 10 TAB,07831,AQUALAB,"GST%, HSN, Category, Composition, Drug Type"
COLGATE KIDS 40 GM,07915,GENERAL ITEMS,"GST%, HSN, Category, Composition, Drug Type"
COLGATE KIDS TOOTHPASTE 80 GM,07916,GENERAL ITEMS,"GST%, HSN, Category, Composition, Drug Type"
COMPLAN CHOCO POWDER 200GM,07870,GENREL,"GST%, HSN, Category, Composition, Drug Type"
CORBIS T 5MG TAB 10 TAB,07857,TORRENT,"GST%, HSN, Category, Composition, Drug Type"
CTD T AM 12/80/5 TAB 10TAB,07687,IPCA LABORATORIES LIMITED,"GST%, HSN, Category, Composition, Drug Type"
CUTIHANCE-MEN TAB 30TAB,07799,H&H PHARMA,"GST%, HSN, Category, Composition, Drug Type"
CUTIHANCE-WOMEN TAB 30TAB,07800,H&H PHARMA,"GST%, HSN, Category, Composition, Drug Type"
CYNOTRIN CAP 30CAP,07679,HEALING PHARMA,"GST%, HSN, Category, Composition, Drug Type"
CYPHOS-1GM INJ 1,07787,GETWELL,"GST%, HSN, Category, Composition, Drug Type"
CYPHOS-200MG INJ 1,07785,GETWELL,"GST%, HSN, Category, Composition, Drug Type"
DAPAFORCE 30MG TAB 10 TAB,07704,HEALING PHARMA,"GST%, HSN, Category, Composition, Drug Type"
DEFCORT 1MG TAB 10TAB,07709,MACLEODS PHARMACEUTICALS LTD,"GST%, HSN, Category, Composition, Drug Type"
DETTOL POWDER & LIQUID 1,07914,GENERAL ITEMS,"GST%, HSN, Category, Composition, Drug Type"
DIAPER ADULT ELITE-L 1,02315,MEDIMYKE,"GST%, HSN, Category, Composition, Drug Type"
DIAPER ADULT ELITE-MED 10,02428,SURGICAL,"GST%, HSN, Category, Composition, Drug Type"
DIAPER PULLUP PANT-L 10PCS,07892,SURGICAL,"GST%, HSN, Category, Composition, Drug Type"
DIAPER PULLUP PANT-M 10PCS,07889,SURGICAL,"GST%, HSN, Category, Composition, Drug Type"
DIAPER PULLUP PANT-XL 10PCS,07890,SURGICAL,"GST%, HSN, Category, Composition, Drug Type"
DIAPER PULLUP PANT-XXL 10PCS,07891,SURGICAL,"GST%, HSN, Category, Composition, Drug Type"
DICLOTOTAL FORTE GEL 30 GM,07701,BLUE CROSS LAB,"GST%, HSN, Category, Composition, Drug Type"
DICORATE ER 250 MG TAB 10 TAB,07672,SUN PHARMA,"GST%, HSN, Category, Composition, Drug Type"
DONEP 10MG TAB 15 TAB,07932,ALKEM (CACHET),"GST%, HSN, Category, Composition, Drug Type"
D-PROTITAS PROTEIN POWDER 220 GM,07837,INTAS,"GST%, HSN, Category, Composition, Drug Type"
DUALEXA-20MG TAB 10TAB,07651,ROUSSEL,"GST%, HSN, Category, Composition, Drug Type"
DYNAPAR MR TAB 10 TAB,07643,TROIKAA PHARMACEUTICALS LTD,"GST%, HSN, Category, Composition, Drug Type"
ECHINGERMINA ORAL SUSPENSION 5 ML,07661,AJANTA PHARMA,"GST%, HSN, Category, Composition, Drug Type"
ECHINORM SACHET 1 GM,07660,AJANTA PHARMA,"GST%, HSN, Category, Composition, Drug Type"
EFNOCAR-40MG TAB 10TAB,07674,ZUVENTUS HEALTHCARE,"GST%, HSN, Category, Composition, Drug Type"
EGLUCENT RAPID CARTRIDGES 3ML,07866,LUPIN,"GST%, HSN, Category, Composition, Drug Type"
ELASTIC ADHE BAND 1,07662,AJANTA PHARMA,"GST%, HSN, Category, Composition, Drug Type"
ELTROXIN 12.5 MG TAB 1,07675,USV LTD,"GST%, HSN, Category, Composition, Drug Type"
EMPASMART MET 12.5/500 TAB 10TAB,07883,HEALING PHARMA,"GST%, HSN, Category, Composition, Drug Type"
ENSURE PRO PLUS 400 GM,07828,GENREL,"GST%, HSN, Category, Composition, Drug Type"
ENTROMAX SUSPENSION 5 ML,07638,MANKIND PHARMA,"GST%, HSN, Category, Composition, Drug Type"
ERABONE TAB 15 TAB,07689,XOANON PHARMA,"GST%, HSN, Category, Composition, Drug Type"
ESOMEFOL-IT CAP 10CAP,07927,LEEFORD,"GST%, HSN, Category, Composition, Drug Type"
ETHILON-4-0 NW3319 1,07784,JOHNSON AND JOHNSON(GENRAL),"GST%, HSN, Category, Composition, Drug Type"
ETOLYTE MR TAB 10TAB,07895,LEEFORD,"GST%, HSN, Category, Composition, Drug Type"
ETOVA-LP GEL 30GM,07770,IPCA LABORATORIES LIMITED,"GST%, HSN, Category, Composition, Drug Type"
EVERCLAV 625MG TAB 10 TAB,07848,SMART,"GST%, HSN, Category, Composition, Drug Type"
E-WOK CAP 10,07923,LEEFORD,"GST%, HSN, Category, Composition, Drug Type"
FASH FOAM FACE WASH 100 ML,07722,TORRENT,"GST%, HSN, Category, Composition, Drug Type"
FE DAILY TAB 10 TAB,07824,OVERSSEAS .H.CARE,"GST%, HSN, Category, Composition, Drug Type"
FLAGYL OF SUSPENION 60 ML,07933,ABBOT INDIALTD,"GST%, HSN, Category, Composition, Drug Type"
FLUMONT-FX TAB 10TAB,07755,ARISTO PHARMACITACAL LTD,"GST%, HSN, Category, Composition, Drug Type"
FLUTIVIN O NASAL SPRAY 7 GM,07773,LEEFORD,"GST%, HSN, Category, Composition, Drug Type"
FLUXICAN 10 MG CAP 10 CAP,07721,HEALING PHARMA,"GST%, HSN, Category, Composition, Drug Type"
FOLINAL TABLETS 10TAB,07725,ALEMBIC LIMITED,"GST%, HSN, Category, Composition, Drug Type"
FOURDERM CREAM 15 GM,07910,CIPLA GENERICS,"GST%, HSN, Category, Composition, Drug Type"
GEMER SITA IR 50/500/2 10 TAB,07652,AZURITE THERPUTICS PVT,"GST%, HSN, Category, Composition, Drug Type"
GENTRANZ INJ 1S,07642,GENICS P'CEUTICALS,"GST%, HSN, Category, Composition, Drug Type"
GIBTULIO MET-12.5/500MG TAB 10TAB,07653,LUPIN,"GST%, HSN, Category, Composition, Drug Type"
*GK ROLL ON 8ML,07874,GENREL,"GST%, HSN, Category, Composition, Drug Type"
GLOW AND LOVELY 1,07913,GENERAL ITEMS,"GST%, HSN, Category, Composition, Drug Type"
GLUTAQUICK 500 TAB 10TAB,07918,DR.MOREPEN,"GST%, HSN, Category, Composition, Drug Type"
GODREJ AER POWER POCKET 1,07873,GENREL,"GST%, HSN, Category, Composition, Drug Type"
GRISOFLUVIN 250MG TAB 10 TAB,07768,B BROWN,"GST%, HSN, Category, Composition, Drug Type"
HEATING PAD FLAM REGULAR 1,07920,FLAMINGO PHARMA,"GST%, HSN, Category, Composition, Drug Type"
IBUBROOK PLUS SYP 100 ML,07829,HEALING PHARMA,"GST%, HSN, Category, Composition, Drug Type"
ICKINASE STK 1.5 INJECTION 1,07713,ABBOT LABORATORIES,"GST%, HSN, Category, Composition, Drug Type"
INTACAINE GELLY 30 GM,07648,GEN BIOTECH,"GST%, HSN, Category, Composition, Drug Type"
ISONIT PLUS TAB 10TAB,07767,TABLETS INDIA,"GST%, HSN, Category, Composition, Drug Type"
JOINTACE OD TAB 15TAB,07734,WALLACE,"GST%, HSN, Category, Composition, Drug Type"
JOY LIP CARE 1,07872,GENREL,"GST%, HSN, Category, Composition, Drug Type"
KETOFLY LOTION 50 ML,07774,LEEFORD,"GST%, HSN, Category, Composition, Drug Type"
KETZ ZYPTO LOTION 100ML,07875,UNIVERSAL,"GST%, HSN, Category, Composition, Drug Type"
KHUSHI SANITRY PAD 1,07826,GENERAL ITEMS,"GST%, HSN, Category, Composition, Drug Type"
KIDODENT TOOTHPASTE 60 GM,07827,GENREL,"GST%, HSN, Category, Composition, Drug Type"
K LIFE UNDERPAD 1,07702,SURGICAL,"GST%, HSN, Category, Composition, Drug Type"
KOJIVIT ULTRA CREAM 30 GM,07864,MICRO LABS LIMITED,"GST%, HSN, Category, Composition, Drug Type"
LACRYL-PF EYE GEL 5GM,07654,ENTOD PHARMACEUTICALS,"GST%, HSN, Category, Composition, Drug Type"
LACSPO-DS SACHETS 1GM,07804,SURGICAL,"GST%, HSN, Category, Composition, Drug Type"
LAMINO GI PLUS TIN 200 GM,07841,LA RENON HEALTHCARE,"GST%, HSN, Category, Composition, Drug Type"
LATOPROST EYE DROP 2.5 ML,07716,SUN PHARMA,"GST%, HSN, Category, Composition, Drug Type"
LEVO-ANAWIN HEAVY 0.5% 4 ML,07703,NEON LAB,"GST%, HSN, Category, Composition, Drug Type"
LINAXA M XR 5/500 TAB 10S,07738,TORRENT,"GST%, HSN, Category, Composition, Drug Type"
LOISTO FACE WASH 1,07723,BIO REMIDIES LTD,"GST%, HSN, Category, Composition, Drug Type"
LONAZEP 2MG TAB 10 TAB,07673,SUN PHARMA,"GST%, HSN, Category, Composition, Drug Type"
LULIFORD SPRAY 30ML ML,02667,LEEFORD,"GST%, HSN, Category, Composition, Drug Type"
LULYLAJ CREAM 10GM,07708,RV LIFESCIENCES LIMITED,"GST%, HSN, Category, Composition, Drug Type"
LUPISCAB 50ML LOTION 50ML,07876,LUPIN,"GST%, HSN, Category, Composition, Drug Type"
LUWAS CREAM 20 GM,07796,BIOS,"GST%, HSN, Category, Composition, Drug Type"
MACPOD 100MG SYP 30 ML,07801,MACLEODS PHARMACEUTICALS LTD,"GST%, HSN, Category, Composition, Drug Type"
MACPROT POWDER VANIILA 200 GM,07904,MACLEODS PHARMACEUTICALS LTD,"GST%, HSN, Category, Composition, Drug Type"
MACUSOFT TABLETS 10TAB,07928,SOFTVISION PHARMA,"GST%, HSN, Category, Composition, Drug Type"
MAINTANE 5MG TAB 15'S,00484,JAGSONPOL,"GST%, HSN, Category, Composition, Drug Type"
MAXIFLO 125 INHALER 1,07726,CIPLA LIMITED,"GST%, HSN, Category, Composition, Drug Type"
MECKLINE TAB 10 TAB,07692,PHARMA CURE,"GST%, HSN, Category, Composition, Drug Type"
MIDACIP 1.25 SPRAY 1,07764,CIPLA LIMITED,"GST%, HSN, Category, Composition, Drug Type"
MIDFIX-10ML INJC 10ML,07664,VARENYAM,"GST%, HSN, Category, Composition, Drug Type"
MILDY BAR 75 GM,07930,AYUR LAB HARBAL PVT. LTD.,"GST%, HSN, Category, Composition, Drug Type"
MIRACT 25TAB 10TAB,07680,HEALING PHARMA,"GST%, HSN, Category, Composition, Drug Type"
MIRACT 50TAB 10TAB,07681,HEALING PHARMA,"GST%, HSN, Category, Composition, Drug Type"
MORR 3% SOLUTION 60 ML,07931,INTAS,"GST%, HSN, Category, Composition, Drug Type"
MOXIFORD-L EYE DROP 5 ML,07788,LEEFORD,"GST%, HSN, Category, Composition, Drug Type"
MUCIHEAL AB TAB 10 TAB,07720,HEALING PHARMA,"GST%, HSN, Category, Composition, Drug Type"
MULTANI MATI 100 GM,07812,GENERAL ITEMS,"GST%, HSN, Category, Composition, Drug Type"
MYOTOP P TAB 10TAB,07766,ZUVENTIS,"GST%, HSN, Category, Composition, Drug Type"
NALTRISAM-25MG TAB 10TAB,07646,JAGSAM PHARMA,"GST%, HSN, Category, Composition, Drug Type"
NARCODOL TAB 10S,07807,SOMATICO PHARMA,"GST%, HSN, Category, Composition, Drug Type"
NEBULIZER K-LIFE 1,07921,KNOFF,"GST%, HSN, Category, Composition, Drug Type"
NEBULIZER S.CURE 1,07262,SURGICAL,"GST%, HSN, Category, Composition, Drug Type"
NEBULIZER SUREON 1,01746,SURGICAL,"GST%, HSN, Category, Composition, Drug Type"
NEBZMART-GFB RESPULES 2ML,07744,GLENMARK PHARMACITICALS LTD,"GST%, HSN, Category, Composition, Drug Type"
NERVILAX PLUS SR TAB 10TAB,07677,SARABHAI CHEMICAL,"GST%, HSN, Category, Composition, Drug Type"
NEWTEL BETA 50 MG TAB 10 TAB,07903,SYSTOPIC LABOROTORIES PVT LTD,"GST%, HSN, Category, Composition, Drug Type"
NILGIRI TEL 3 ML,07811,WALLACE,"GST%, HSN, Category, Composition, Drug Type"
NILOSPORIN POWDER 10GM,07894,HORIZONE,"GST%, HSN, Category, Composition, Drug Type"
NORADAY-TZ NF TAB 10 TAB,07670,MANKIND PHARMA,"GST%, HSN, Category, Composition, Drug Type"
NORFLOKEM 400MG TAB 10 TAB,07671,ALKEM (CACHET),"GST%, HSN, Category, Composition, Drug Type"
NOSECELL NASAL DRESSING 1,07667,SURGICAL,"GST%, HSN, Category, Composition, Drug Type"
NOVAMOX 250MG SYP 60 ML,07769,CIPLA GENERICS,"GST%, HSN, Category, Composition, Drug Type"
NU EYE TAB 15 TAB,07728,INTAS,"GST%, HSN, Category, Composition, Drug Type"
NUPHOS-500MG INJ 1,07786,GETWELL,"GST%, HSN, Category, Composition, Drug Type"
NZYMAX TAB 10TAB,07886,HYUGEN LIFE SCN,"GST%, HSN, Category, Composition, Drug Type"
ODONIL AIR FRESHENER 1,07871,GENREL,"GST%, HSN, Category, Composition, Drug Type"
OKACET-L TAB 10S,31498,CIPLA GENERICS,"GST%, HSN, Category, Composition, Drug Type"
ORCERIN GM TAB 15 TAB,07839,MACLEODS PHARMACEUTICALS LTD,"GST%, HSN, Category, Composition, Drug Type"
ORIXIME 100MG DS SYP 30 ML,07835,ARIHANT PHARMA,"GST%, HSN, Category, Composition, Drug Type"
ORTHODREPS 1,07823,SURGICAL,"GST%, HSN, Category, Composition, Drug Type"
ORTHOJOINT ONIT 30GM,07731,HEALING PHARMA,"GST%, HSN, Category, Composition, Drug Type"
OXANTRA 300 MG TAB 10TAB,07882,HEALING PHARMA,"GST%, HSN, Category, Composition, Drug Type"
OXANTRA 600 MG TAB 10 TAB,07855,HEALING PHARMA,"GST%, HSN, Category, Composition, Drug Type"
OXCARQUIN 300 MG TAB 10 TAB,07641,ROUSSEL,"GST%, HSN, Category, Composition, Drug Type"
PAIN FREE-SP TAB 10TAB,07706,RV LIFESCIENCES LIMITED,"GST%, HSN, Category, Composition, Drug Type"
*PAMPER PRIMIUM TAPE LARGE 1,07860,GENREL,"GST%, HSN, Category, Composition, Drug Type"
*PAMPER PRIMIUM TAPE MEDIUM 1,07859,GENREL,"GST%, HSN, Category, Composition, Drug Type"
PANYLAJ-DSR CAPS 15CAPS,07705,RV LIFESCIENCES LIMITED,"GST%, HSN, Category, Composition, Drug Type"
PCN CATH WITH NEEDLE 1,07906,SURGICAL,"GST%, HSN, Category, Composition, Drug Type"
PERMED LOTION 60ML,07758,MED REVIVE BIOTEC,"GST%, HSN, Category, Composition, Drug Type"
PERMED SOAP 75GM,07757,MED REVIVE BIOTEC,"GST%, HSN, Category, Composition, Drug Type"
PONDS BRIGHT BEAUTY FACE WASH 50GM,07868,GENREL,"GST%, HSN, Category, Composition, Drug Type"
PONDS PURE FACE WASH 15GM,07869,GENREL,"GST%, HSN, Category, Composition, Drug Type"
POSACAD GR 100MG TAB 10TAB,07779,CADILA PHARMACEUTICAL,"GST%, HSN, Category, Composition, Drug Type"
POTBROOK MB6 SYP 200 ML,07856,HEALING PHARMA,"GST%, HSN, Category, Composition, Drug Type"
POWERLAX PLUS SYP 225ML,07682,HEALING PHARMA,"GST%, HSN, Category, Composition, Drug Type"
PRD CAP 15 CAP,07669,BLUE CROSS LAB,"GST%, HSN, Category, Composition, Drug Type"
PRIME FOREARM SPLINT U 1,07739,SURGICAL,"GST%, HSN, Category, Composition, Drug Type"
PRIME TENNIS ELBOW SUPPORT U 1S,07740,SURGICAL,"GST%, HSN, Category, Composition, Drug Type"
RABONIK DSR CAP 15CAP,07698,ERIS LIFE SCIENCES,"GST%, HSN, Category, Composition, Drug Type"
RANTOP INJECTION 2ML,07650,ARISTO PHARMACITACAL LTD,"GST%, HSN, Category, Composition, Drug Type"
REDNISOL EYE DROP 5 ML,07789,LEEFORD,"GST%, HSN, Category, Composition, Drug Type"
REGA 60K NANO SHOT 5 ML,07699,CURATIO HEALTHCARE,"GST%, HSN, Category, Composition, Drug Type"
RINICLAUSI DRY SYP 30 ML,07802,ELAN PHARMA,"GST%, HSN, Category, Composition, Drug Type"
ROSUSURE-CV 10/75MG CAPS 10CAPS,07834,ROUSSEL,"GST%, HSN, Category, Composition, Drug Type"
ROZAVEL 5MG TAB 10 TAB,07865,SUN PHARMA,"GST%, HSN, Category, Composition, Drug Type"
SAMVEC-4MG INJECTION 1,07748,SAMARTH LIFE CARE,"GST%, HSN, Category, Composition, Drug Type"
SHOULDER IMMOBILIZER XXL 1,07924,FLAMINGO PHARMA,"GST%, HSN, Category, Composition, Drug Type"
SIMILAC 4NO POWDER 1,07719,AAREEN HEALTHCARE PVT LTD,"GST%, HSN, Category, Composition, Drug Type"
SKELEBENZ 15MG TAB 10TAB,07781,SUN PHARMA,"GST%, HSN, Category, Composition, Drug Type"
SOFTERON GOLD TAB 10TAB,07846,ARINNA LIFESCIENCE,"GST%, HSN, Category, Composition, Drug Type"
SOTRET 20MG CAP 10 CAP,07863,SUN (SOLARES) PVT.LTD,"GST%, HSN, Category, Composition, Drug Type"
SPASMOHEAL TAB 10 TAB,07851,HEALING PHARMA,"GST%, HSN, Category, Composition, Drug Type"
STYBIND POWDER 15 GM,07850,HEALING PHARMA,"GST%, HSN, Category, Composition, Drug Type"
SUCROCAN INJ 5 ML,07836,AMERICAN REMEDIES,"GST%, HSN, Category, Composition, Drug Type"
SUNSTOP GOLD CREAM 50 GM,07900,AJANTA PHARMA,"GST%, HSN, Category, Composition, Drug Type"
SUPERFLORA GG DROP 4ML,07685,S H PHARMA,"GST%, HSN, Category, Composition, Drug Type"
SURGICLUDE SMALL EP02S 1,07816,SURETECH MEDICAL,"GST%, HSN, Category, Composition, Drug Type"
TEICOBIOTIC 400INJ 1,07917,NEO PHARMA,"GST%, HSN, Category, Composition, Drug Type"
TELMEROS MCT 25/12.5 10,07684,NUTRI PHARMA,"GST%, HSN, Category, Composition, Drug Type"
TELMIKIND 40MG TAB 15 TAB,45230,MANKIND PHARMA,"GST%, HSN, Category, Composition, Drug Type"
TELSAR AMH 40 TAB 10 TAB,07844,TROIKAA PHARMACEUTICALS LTD,"GST%, HSN, Category, Composition, Drug Type"
TENDOWELL CAPSULES 10CAPS,07819,MSN LAB PVT LTD,"GST%, HSN, Category, Composition, Drug Type"
TENIVA TAB 20 TAB,07792,INTAS,"GST%, HSN, Category, Composition, Drug Type"
TENOHEAL-EM TAB 30TAB,07893,HEALING PHARMA,"GST%, HSN, Category, Composition, Drug Type"
TERUMO GUIDEWIRE 0.35 1,07697,SURGICAL,"GST%, HSN, Category, Composition, Drug Type"
THERMOSEAL ORTHO PLUS BRUSH 1,07847,IPCA LABORATORIES LIMITED,"GST%, HSN, Category, Composition, Drug Type"
THYRONORM 200MG 1,07749,ABBOT INDIALTD,"GST%, HSN, Category, Composition, Drug Type"
TRAVISIGHT-T E/D 1,07922,ALEMBIC LIMITED,"GST%, HSN, Category, Composition, Drug Type"
TRAZOGRAF 76% INJ 1,46514,UNIQUE PHARMA LTD,"GST%, HSN, Category, Composition, Drug Type"
TROPINE INJECTION 1ML,07925,NEON LAB,"GST%, HSN, Category, Composition, Drug Type"
TUGAIN SHAMPOO 200 ML,07899,CIPLA GENERICS,"GST%, HSN, Category, Composition, Drug Type"
UNWANTED 21 TAB 1 TAB,07805,GENEES PHARMACEUTICALS,"GST%, HSN, Category, Composition, Drug Type"
URETHRAL CATHETER OE 5FR 1,07790,SURGICAL,"GST%, HSN, Category, Composition, Drug Type"
URETHRAL CATHETER OE-6 FR 1,07791,SURGICAL,"GST%, HSN, Category, Composition, Drug Type"
UV CACHER SUNSCEEN 1,07724,BIO REMIDIES LTD,"GST%, HSN, Category, Composition, Drug Type"
VALAROS 50MG TAB 14 TAB,07691,ROUSSEL,"GST%, HSN, Category, Composition, Drug Type"
VALEMBIC 40 MG TAB 10 TAB,07639,ALEMBIC CHEMICAL WORKS,"GST%, HSN, Category, Composition, Drug Type"
VALGAN 450MG TAB 4 TAB,07736,CIPLA LIMITED,"GST%, HSN, Category, Composition, Drug Type"
VANCOLYM 1GM INJ 1 VIAL,07843,LYKA LAB LIMITED,"GST%, HSN, Category, Composition, Drug Type"
VANLID-250MG CAPS 10CAPS,07656,CIPLA LIMITED,"GST%, HSN, Category, Composition, Drug Type"
VICRYL 10-0 V960 1,07911,JAGSAM PHARMA,"GST%, HSN, Category, Composition, Drug Type"
VICRYL 8-0 NW2348 1,07912,JAGSAM PHARMA,"GST%, HSN, Category, Composition, Drug Type"
VICRYL RAPID 4-0 NW9918 1,06685,JOHNSON AND JOHNSON(GENRAL),"GST%, HSN, Category, Composition, Drug Type"
VILDASMART TRIO TAB 10 TAB,07700,HEALING PHARMA,"GST%, HSN, Category, Composition, Drug Type"
VITAVERA CREAM 50GM,07717,KIVI LAB,"GST%, HSN, Category, Composition, Drug Type"
V-KUL EYE DROPS 1,07714,WALLACE,"GST%, HSN, Category, Composition, Drug Type"
VYLDA DM 1000 TAB 10TAB,05368,EMCURE,"GST%, HSN, Category, Composition, Drug Type"
WALKING STICK 4LEG BLACK 1,07877,SURGICAL,"GST%, HSN, Category, Composition, Drug Type"
WALKING STICK BLACK SINGEL 1S,05590,FLAMINGO PHARMA,"GST%, HSN, Category, Composition, Drug Type"
WALKING STICKS 4LEG ALUMINIUM 1,07878,SURGICAL,"GST%, HSN, Category, Composition, Drug Type"
WALKING STICKS ALUMIN SINGEL 1,07879,SURGICAL,"GST%, HSN, Category, Composition, Drug Type"
XERINA DS CREAM 50 GM,07686,R.K.MEDICAL AGENCIES,"GST%, HSN, Category, Composition, Drug Type"
XHEAL ALOEVERA GEL 120 ML,07853,HEALING PHARMA,"GST%, HSN, Category, Composition, Drug Type"
XONE XP-500MG INJ 1,07867,ALKEM LAB.,"GST%, HSN, Category, Composition, Drug Type"
ZARBOSE 0.3 MG TAB 10 TAB,07783,BIOCHEM PHARMACHEM,"GST%, HSN, Category, Composition, Drug Type"
ZINFE SR CAP 10,07759,K.I.,"GST%, HSN, Category, Composition, Drug Type"
ZOFER SYRUP 30 ML,07647,RANBAXY GENRIC,"GST%, HSN, Category, Composition, Drug Type"
ZOTADOL-SP TAB 10TAB,07665,HORIZONE BIOP PVT LTD,"GST%, HSN, Category, Composition, Drug Type"
ZUKANORM M 500 MG TAB 15 TAB,07668,MANKIND PHARMA,"GST%, HSN, Category, Composition, Drug Type"
ZYCEVA 100MG TAB 30TAB,07825,ZYDUS (NEUROSCIENCE ),"GST%, HSN, Category, Composition, Drug Type"
ZYTEE-L GEL 10 ML,07727,RAPTAKOS BRETT &CO LTD,"GST%, HSN, Category, Composition, Drug Type"
